Mn_produced,Al_consumed,Al2O3_produced,MnO_remaining,efficiency,temperature
469.8106054898579,153.81009751384985,290.6315334045984,67.40356015340073,0.9,1823.0
